Designação;Alt. Total;Alt. Fora Solo;Bet./Met.;Fz;Fxa;Fya;Fxb;Fyb;Peso;V.Esc;B.Normal;B.Moldado;B.Ciclopico;
2xAM06-2750/960-14;14,0;11,5;B;4000;2000;5500;4512;2132;7080;16,20;0,00;0,00;14,58;
2xAM06-2750/960-16;16,0;13,5;B;4000;2000;5500;4306;2036;8800;16,20;0,00;0,00;14,58;
2xAM06-2750/960-18;18,0;15,5;B;4000;2000;5500;4086;1932;10700;16,20;0,00;0,00;14,58;
2xAM06-2750/960-20;20,0;17,5;B;4000;2000;5500;3856;1822;12780;24,20;0,00;0,00;21,78;
2xAM06-2750/960-22;22,0;19,5;B;4000;2000;5500;3612;1708;15020;24,20;0,00;0,00;21,78;
2xAM06-2750/960-24;24,0;21,5;B;4000;2000;5500;3356;1586;17400;24,20;0,00;0,00;21,78;
2xAM06-2750/960-26;26,0;23,5;B;4000;2000;5500;3086;1458;19980;28,80;0,00;0,00;25,92;
2xAM06-2750/960-28;28,0;25,5;B;4000;2000;5500;2804;1326;22860;28,80;0,00;0,00;25,92;
2xK12-90/40-14;14,0;11,0;B;4000;8000;18000;15962;7094;11820;50,46;0,00;0,00;45,41;
2xK12-90/40-16;16,0;13,0;B;4000;8000;18000;15962;7094;14220;50,46;0,00;0,00;45,41;
2xK12-90/40-18;18,0;15,0;B;4000;8000;18000;15962;7094;16820;50,46;0,00;0,00;45,41;
2xK12-90/40-20;20,0;17,0;B;4000;8000;18000;15962;7094;19580;71,42;0,00;0,00;64,27;
2xK12-90/40-22;22,0;19,0;B;4000;8000;18000;15962;7094;22660;71,42;0,00;0,00;64,27;
2xK12-90/40-24;24,0;21,0;B;4000;8000;18000;15962;7094;25960;71,42;0,00;0,00;64,27;
2xK12-90/40-26;26,0;23,0;B;4000;8000;18000;15962;7094;29420;86,64;0,00;0,00;77,98;
2xK12-90/40-28;28,0;25,0;B;4000;8000;18000;15962;7094;33140;86,64;0,00;0,00;77,98;
2xK12-90/40-30;30,0;27,0;B;4000;8000;18000;15962;7094;36880;96,00;0,00;0,00;86,40;
2xK12-90/40-32;32,0;29,0;B;4000;8000;18000;15962;7094;40780;96,00;0,00;0,00;86,40;
2xK14-110/45-14;14,0;11,0;B;4000;9000;22000;19536;7992;13460;65,34;0,00;0,00;58,81;
2xK14-110/45-16;16,0;13,0;B;4000;9000;22000;19536;7992;16080;65,34;0,00;0,00;58,81;
2xK14-110/45-18;18,0;15,0;B;4000;9000;22000;19536;7992;18880;65,34;0,00;0,00;58,81;
2xK14-110/45-20;20,0;16,5;B;4000;9000;22000;19536;7992;22000;68,14;0,00;0,00;61,33;
2xK14-110/45-22;22,0;18,5;B;4000;9000;22000;19536;7992;25320;68,14;0,00;0,00;61,33;
2xK14-110/45-24;24,0;20,5;B;4000;9000;22000;19536;7992;28840;68,14;0,00;0,00;61,33;
2xK14-110/45-26;26,0;22,5;B;4000;9000;22000;19536;7992;32540;80,92;0,00;0,00;72,83;
2xK14-110/45-28;28,0;24,5;B;4000;9000;22000;19536;7992;36320;80,92;0,00;0,00;72,83;
2xK14-110/45-30;30,0;26,5;B;4000;9000;22000;19536;7992;40200;112,00;0,00;0,00;100,80;
2xK14-110/45-32;32,0;28,5;B;4000;9000;22000;19536;7992;44300;112,00;0,00;0,00;100,80;
2xK16-125/50-14;14,0;11,0;B;4000;10200;25000;22340;9114;15200;73,50;0,00;0,00;66,15;
2xK16-125/50-16;16,0;13,0;B;4000;10200;25000;22340;9114;18040;73,50;0,00;0,00;66,15;
2xK16-125/50-18;18,0;15,0;B;4000;10200;25000;22340;9114;21140;73,50;0,00;0,00;66,15;
2xK16-125/50-20;20,0;16,5;B;4000;10200;25000;22340;9114;24460;80,92;0,00;0,00;72,83;
2xK16-125/50-22;22,0;18,5;B;4000;10200;25000;22340;9114;27980;80,92;0,00;0,00;72,83;
2xK16-125/50-24;24,0;20,5;B;4000;10200;25000;22340;9114;31720;80,92;0,00;0,00;72,83;
2xK16-125/50-26;26,0;22,5;B;4000;10200;25000;22340;9114;35480;95,83;0,00;0,00;86,25;
2xK16-125/50-28;28,0;24,5;B;4000;10200;25000;22340;9114;39420;95,83;0,00;0,00;86,25;
2xK16-125/50-30;30,0;26,5;B;4000;10200;25000;22340;9114;43560;112,00;0,00;0,00;100,80;
2xK16-125/50-32;32,0;28,5;B;4000;10200;25000;22340;9114;47920;112,00;0,00;0,00;100,80;
2xK18-145/57-14;14,0;10,5;B;4000;11400;29000;26010;10224;17140;67,27;0,00;0,00;60,54;
2xK18-145/57-16;16,0;12,5;B;4000;11400;29000;26010;10224;20240;67,27;0,00;0,00;60,54;
2xK18-145/57-18;18,0;14,5;B;4000;11400;29000;26010;10224;23600;67,27;0,00;0,00;60,54;
2xK18-145/57-20;20,0;16,5;B;4000;11400;29000;26010;10224;27120;95,83;0,00;0,00;86,25;
2xK18-145/57-22;22,0;18,5;B;4000;11400;29000;26010;10224;30880;95,83;0,00;0,00;86,25;
2xK18-145/57-24;24,0;20,5;B;4000;11400;29000;26010;10224;34660;95,83;0,00;0,00;86,25;
2xK18-145/57-26;26,0;22,5;B;4000;11400;29000;26010;10224;38640;112,00;0,00;0,00;100,80;
2xK18-145/57-28;28,0;24,5;B;4000;11400;29000;26010;10224;42800;112,00;0,00;0,00;100,80;
2xK18-145/57-30;30,0;26,5;B;4000;11400;29000;26010;10224;47140;135,52;0,00;0,00;121,97;
2xK18-145/57-32;32,0;28,5;B;4000;11400;29000;26010;10224;51700;135,52;0,00;0,00;121,97;
2xK20-165/63-14;14,0;10,5;B;4000;12600;33000;29690;11336;19320;80,92;0,00;0,00;72,83;
2xK20-165/63-16;16,0;12,5;B;4000;12600;33000;29690;11336;22640;80,92;0,00;0,00;72,83;
2xK20-165/63-18;18,0;14,5;B;4000;12600;33000;29690;11336;26220;80,92;0,00;0,00;72,83;
2xK20-165/63-20;20,0;16,5;B;4000;12600;33000;29690;11336;29980;112,00;0,00;0,00;100,80;
2xK20-165/63-22;22,0;18,5;B;4000;12600;33000;29690;11336;33800;112,00;0,00;0,00;100,80;
2xK20-165/63-24;24,0;20,5;B;4000;12600;33000;29690;11336;37800;112,00;0,00;0,00;100,80;
2xK20-165/63-26;26,0;22,5;B;4000;12600;33000;29690;11336;41980;135,52;0,00;0,00;121,97;
2xK20-165/63-28;28,0;24,5;B;4000;12600;33000;29690;11336;46360;135,52;0,00;0,00;121,97;
2xK20-165/63-30;30,0;26,5;B;4000;12600;33000;29690;11336;50900;154,63;0,00;0,00;139,17;
2xK20-165/63-32;32,0;28,5;B;4000;12600;33000;29690;11336;55680;154,63;0,00;0,00;139,17;
2xMM06-2750/960-14;14,0;11,5;B;4000;2600;5500;4512;2132;7080;16,20;0,00;0,00;14,58;
2xMM06-2750/960-16;16,0;13,5;B;4000;2600;5500;4306;2036;8800;16,20;0,00;0,00;14,58;
2xMM06-2750/960-18;18,0;15,5;B;4000;2600;5500;4086;1932;10700;16,20;0,00;0,00;14,58;
2xMM06-2750/960-20;20,0;17,5;B;4000;2600;5500;3856;1822;12780;24,20;0,00;0,00;21,78;
2xMM06-2750/960-22;22,0;19,5;B;4000;2600;5500;3612;1708;15020;24,20;0,00;0,00;21,78;
2xMM06-2750/960-24;24,0;21,5;B;4000;2600;5500;3356;1586;17400;24,20;0,00;0,00;21,78;
2xMM06-2750/960-26;26,0;23,5;B;4000;2600;5500;3086;1458;19980;28,80;0,00;0,00;25,96;
2xMM06-2750/960-28;28,0;25,5;B;4000;2600;5500;1804;1326;22860;28,80;0,00;0,00;25,96;
2xMM08-3500/1260-14;14,0;11,5;B;4000;3200;7000;5844;2672;8340;26,46;0,00;0,00;22,18;
2xMM08-3500/1260-16;16,0;13,5;B;4000;3200;7000;5608;2564;10240;26,46;0,00;0,00;22,18;
2xMM08-3500/1260-18;18,0;15,5;B;4000;3200;7000;5360;2450;12340;26,46;0,00;0,00;22,18;
2xMM08-3500/1260-20;20,0;17,5;B;4000;3200;7000;5098;2330;14600;36,46;0,00;0,00;32,80;
2xMM08-3500/1260-22;22,0;19,5;B;4000;3200;7000;4822;2204;17000;36,46;0,00;0,00;32,80;
2xMM08-3500/1260-24;24,0;21,5;B;4000;3200;7000;4534;2072;19600;36,46;0,00;0,00;32,80;
2xMM08-3500/1260-26;26,0;23,5;B;4000;3200;7000;4232;1936;22480;45,00;0,00;0,00;40,50;
2xMM08-3500/1260-28;28,0;25,5;B;4000;3200;7000;3918;1792;25560;45,00;0,00;0,00;40,50;
AM04-2250/740-14;14,0;11,5;B;4000;1000;2250;1775;789;3010;5,63;0,00;0,00;5,06;
AM04-2250/740-16;16,0;13,5;B;4000;1000;2250;1674;744;3760;5,63;0,00;0,00;5,06;
AM04-2250/740-18;18,0;15,5;B;4000;1000;2250;1565;695;4620;5,63;0,00;0,00;5,06;
AM04-2250/740-20;20,0;17,5;B;4000;1000;2250;1449;644;5560;9,03;0,00;0,00;8,12;
AM04-2250/740-22;22,0;19,5;B;4000;1000;2250;1327;590;6590;9,03;0,00;0,00;8,12;
AM04-2250/740-24;24,0;21,5;B;4000;1000;2250;1198;532;7700;9,03;0,00;0,00;8,12;
AM04-2250/740-26;26,0;23,5;B;4000;1000;2250;1062;472;8890;11,03;0,00;0,00;9,92;
AM04-2250/740-28;28,0;25,5;B;4000;1000;2250;919;408;10180;11,03;0,00;0,00;9,92;
AM04-2250/740-30;30,0;27,5;B;4000;1000;2250;0;0;0;0,00;0,00;0,00;0,00;
AM04-2250/740-32;32,0;29,5;B;4000;1000;2250;0;0;0;0,00;0,00;0,00;0,00;
AM04-2250/740-34;34,0;31,5;B;4000;1000;2250;0;0;0;0,00;0,00;0,00;0,00;
AM04-2250/740-36;36,0;33,5;B;4000;1000;2250;0;0;0;0,00;0,00;0,00;0,00;
AM06-2750/960-14;14,0;11,5;B;4000;1300;2750;2256;1066;3540;8,10;0,00;0,00;7,29;
AM06-2750/960-16;16,0;13,5;B;4000;1300;2750;2153;1018;4400;8,10;0,00;0,00;7,29;
AM06-2750/960-18;18,0;15,5;B;4000;1300;2750;2043;966;5350;8,10;0,00;0,00;7,29;
AM06-2750/960-20;20,0;17,5;B;4000;1300;2750;1928;911;6390;12,10;0,00;0,00;10,89;
AM06-2750/960-22;22,0;19,5;B;4000;1300;2750;1806;854;7510;12,10;0,00;0,00;10,89;
AM06-2750/960-24;24,0;21,5;B;4000;1300;2750;1678;793;8700;12,10;0,00;0,00;10,89;
AM06-2750/960-26;26,0;23,5;B;4000;1300;2750;1543;729;9990;14,40;0,00;0,00;12,96;
AM06-2750/960-28;28,0;25,5;B;4000;1300;2750;1402;663;11430;14,40;0,00;0,00;12,96;
AM08-4000/1320-14;14,0;11,5;B;4000;1800;4000;3409;1534;4200;13,23;0,00;0,00;11,90;
AM08-4000/1320-16;16,0;13,5;B;4000;1800;4000;3289;1480;5170;13,23;0,00;0,00;11,90;
AM08-4000/1320-18;18,0;15,5;B;4000;1800;4000;3162;1423;6220;13,23;0,00;0,00;11,90;
AM08-4000/1320-20;20,0;17,5;B;4000;1800;4000;3028;1363;7350;18,23;0,00;0,00;16,40;
AM08-4000/1320-22;22,0;19,5;B;4000;1800;4000;2888;1299;8580;18,23;0,00;0,00;16,40;
AM08-4000/1320-24;24,0;21,5;B;4000;1800;4000;2740;1233;9890;18,23;0,00;0,00;16,40;
AM08-4000/1320-26;26,0;23,5;B;4000;1800;4000;2586;1164;11340;22,50;0,00;0,00;20,25;
AM08-4000/1320-28;28,0;25,5;B;4000;1800;4000;2426;1092;12890;22,50;0,00;0,00;20,25;
AP02-1000/370-14;14,0;11,9;B;2000;520;1000;729;379;2110;3,07;0,00;0,00;2,76;
AP02-1000/370-16;16,0;13,9;B;2000;520;1000;665;346;2680;3,07;0,00;0,00;2,76;
AP02-1000/370-18;18,0;15,9;B;2000;520;1000;596;310;3330;3,07;0,00;0,00;2,76;
AP02-1000/370-20;20,0;17,9;B;2000;520;1000;522;271;4060;3,07;0,00;0,00;2,76;
AP02-1000/370-22;22,0;19,8;B;2000;520;1000;441;230;4880;4,31;0,00;0,00;3,88;
AP02-1000/370-24;24,0;21,8;B;2000;520;1000;356;185;5780;4,31;0,00;0,00;3,88;
AP02-1000/370-26;26,0;23,8;B;2000;520;1000;265;138;6760;4,31;0,00;0,00;3,88;
AP02-1200/410-14;14,0;11,6;B;2000;560;1200;882;412;2130;2,90;0,00;0,00;2,61;
AP02-1200/410-16;16,0;13,6;B;2000;560;1200;808;377;2710;2,90;0,00;0,00;2,61;
AP02-1200/410-18;18,0;15,6;B;2000;560;1200;727;339;3360;2,90;0,00;0,00;2,61;
AP02-1200/410-20;20,0;17,7;B;2000;560;1200;639;298;4100;3,97;0,00;0,00;3,57;
AP02-1200/410-22;22,0;19,7;B;2000;560;1200;546;255;4930;3,97;0,00;0,00;3,57;
AP02-1200/410-24;24,0;21,7;B;2000;560;1200;445;208;5830;3,97;0,00;0,00;3,57;
AP02-1200/410-26;26,0;23,5;B;2000;560;1200;339;158;6810;4,90;0,00;0,00;4,41;
AP02-1200/410-28;28,0;25,5;B;2000;560;1200;226;105;7940;4,90;0,00;0,00;4,41;
AP03-1400/480-14;14,0;11,6;B;2000;650;1400;1050;488;2320;3,46;0,00;0,00;3,11;
AP03-1400/480-16;16,0;13,6;B;2000;650;1400;970;451;2940;3,46;0,00;0,00;3,11;
AP03-1400/480-18;18,0;15,6;B;2000;650;1400;884;410;3630;3,46;0,00;0,00;3,11;
AP03-1400/480-20;20,0;17,5;B;2000;650;1400;791;367;4430;4,23;0,00;0,00;3,80;
AP03-1400/480-22;22,0;19,5;B;2000;650;1400;692;321;5290;4,23;0,00;0,00;3,80;
AP03-1400/480-24;24,0;21,5;B;2000;650;1400;586;272;6240;4,23;0,00;0,00;3,80;
AP03-1400/480-26;26,0;23,5;B;2000;650;1400;474;220;7270;5,63;0,00;0,00;5,06;
AP03-1400/480-28;28,0;25,5;B;2000;650;1400;355;165;8500;5,63;0,00;0,00;5,06;
AP04-1600/540-14;14,0;11,5;B;2000;740;1600;1219;564;2530;3,60;0,00;0,00;3,24;
AP04-1600/540-16;16,0;13,5;B;2000;740;1600;1133;524;3180;3,60;0,00;0,00;3,24;
AP04-1600/540-18;18,0;15,5;B;2000;740;1600;1042;482;3930;3,60;0,00;0,00;3,24;
AP04-1600/540-20;20,0;17,5;B;2000;740;1600;943;436;4760;5,63;0,00;0,00;5,06;
AP04-1600/540-22;22,0;19,5;B;2000;740;1600;839;388;5670;5,63;0,00;0,00;5,06;
AP04-1600/540-24;24,0;21,5;B;2000;740;1600;727;336;6660;5,63;0,00;0,00;5,06;
AP04-1600/540-26;26,0;23,5;B;2000;740;1600;610;282;7790;6,40;0,00;0,00;5,76;
AP04-1600/540-28;28,0;25,5;B;2000;740;1600;486;225;9090;6,40;0,00;0,00;5,76;
K06-40/20-14;14,0;11,0;B;4000;2000;4000;3346;1673;3690;7,78;0,00;0,00;7,00;
K06-40/20-16;16,0;13,0;B;4000;2000;4000;3346;1673;4590;7,78;0,00;0,00;7,00;
K06-40/20-18;18,0;15,0;B;4000;2000;4000;3346;1673;5570;7,78;0,00;0,00;7,00;
K06-40/20-20;20,0;17,0;B;4000;2000;4000;3346;1673;6630;12,00;0,00;0,00;10,80;
K06-40/20-22;22,0;19,0;B;4000;2000;4000;3346;1673;7810;12,00;0,00;0,00;10,80;
K06-40/20-24;24,0;21,0;B;4000;2000;4000;3346;1673;9030;12,00;0,00;0,00;10,80;
K06-40/20-26;26,0;23,0;B;4000;2000;4000;3346;1673;10360;18,45;0,00;0,00;16,61;
K06-40/20-28;38,0;35,0;B;4000;2000;4000;3346;1673;11840;18,45;0,00;0,00;16,61;
K06-40/20-30;30,0;27,0;B;4000;2000;4000;3346;1673;13390;18,45;0,00;0,00;16,61;
K06-40/20-32;32,0;29,0;B;4000;2000;4000;3346;1673;15060;18,45;0,00;0,00;16,61;
K06-40/20-34;34,0;31,0;B;4000;2000;4000;3346;1673;16830;18,45;0,00;0,00;16,61;
K06-40/20-36;36,0;33,0;B;4000;2000;4000;3346;1673;18600;18,45;0,00;0,00;16,61;
K08-60/28-14;14,0;11,0;B;4000;2800;6000;5203;2428;4420;17,28;0,00;0,00;15,55;
K08-60/28-16;16,0;13,0;B;4000;2800;6000;5203;2428;5420;17,28;0,00;0,00;15,55;
K08-60/28-18;18,0;15,0;B;4000;2800;6000;5203;2428;6500;17,28;0,00;0,00;15,55;
K08-60/28-20;20,0;17,0;B;4000;2800;6000;5203;2428;7700;17,28;0,00;0,00;15,55;
K08-60/28-22;22,0;19,0;B;4000;2800;6000;5203;2428;8970;17,28;0,00;0,00;15,55;
K08-60/28-24;24,0;21,0;B;4000;2800;6000;5203;2428;10330;27,00;0,00;0,00;24,30;
K08-60/28-26;26,0;23,0;B;4000;2800;6000;5203;2428;11850;27,00;0,00;0,00;24,30;
K08-60/28-28;28,0;25,0;B;4000;2800;6000;5203;2428;13470;27,00;0,00;0,00;24,30;
K08-60/28-30;30,0;27,0;B;4000;2800;6000;5203;2428;15170;30,72;0,00;0,00;27,65;
K08-60/28-32;32,0;29,0;B;4000;2800;6000;5203;2428;16980;30,72;0,00;0,00;27,65;
K08-60/28-34;34,0;31,0;B;4000;2800;6000;5203;2428;18800;30,72;0,00;0,00;30,72;
K08-60/28-36;36,0;33,0;B;4000;2800;6000;5203;2428;20720;30,72;0,00;0,00;30,72;
K10-75/34-14;14,0;11,0;B;4000;3400;7500;6589;2987;5110;20,28;0,00;0,00;18,25;
K10-75/34-16;16,0;13,0;B;4000;3400;7500;6589;2987;6220;20,28;0,00;0,00;18,25;
K10-75/34-18;18,0;15,0;B;4000;3400;7500;6589;2987;7420;20,28;0,00;0,00;18,25;
K10-75/34-20;20,0;17,0;B;4000;3400;7500;6589;2987;8710;28,83;0,00;0,00;25,95;
K10-75/34-22;22,0;19,0;B;4000;3400;7500;6589;2987;10090;28,83;0,00;0,00;25,95;
K10-75/34-24;24,0;21,0;B;4000;3400;7500;6589;2987;11610;28,83;0,00;0,00;25,95;
K10-75/34-26;26,0;23,0;B;4000;3400;7500;6589;2987;13240;34,68;0,00;0,00;31,21;
K10-75/34-28;28,0;25,0;B;4000;3400;7500;6589;2987;14980;34,68;0,00;0,00;31,21;
K10-75/34-30;30,0;27,0;B;4000;3400;7500;6589;2987;16800;41,07;0,00;0,00;36,96;
K10-75/34-32;32,0;29,0;B;4000;3400;7500;6589;2987;18640;41,07;0,00;0,00;36,96;
K12-90/40-14;14,0;11,0;B;4000;4000;9000;7981;3547;5910;25,23;0,00;0,00;22,71;
K12-90/40-16;16,0;13,0;B;4000;4000;9000;7981;3547;7110;25,23;0,00;0,00;22,71;
K12-90/40-18;18,0;15,0;B;4000;4000;9000;7981;3547;8410;25,23;0,00;0,00;22,71;
K12-90/40-20;20,0;17,0;B;4000;4000;9000;7981;3547;9790;35,71;0,00;0,00;32,14;
K12-90/40-22;22,0;19,0;B;4000;4000;9000;7981;3547;11330;35,71;0,00;0,00;32,14;
K12-90/40-24;24,0;21,0;B;4000;4000;9000;7981;3547;12980;35,71;0,00;0,00;32,14;
K12-90/40-26;26,0;23,0;B;4000;4000;9000;7981;3547;14710;43,32;0,00;0,00;38,99;
K12-90/40-28;28,0;25,0;B;4000;4000;9000;7981;3547;16570;43,32;0,00;0,00;38,99;
K12-90/40-30;30,0;27,0;B;4000;4000;9000;7981;3547;18440;48,00;0,00;0,00;43,20;
K12-90/40-32;32,0;29,0;B;4000;4000;9000;7981;3547;20390;48,00;0,00;0,00;43,20;
K14-110/45-14;14,0;11,0;B;4000;4500;11000;9768;3996;6730;32,67;0,00;0,00;29,40;
K14-110/45-16;16,0;13,0;B;4000;4500;11000;9768;3996;8040;32,67;0,00;0,00;29,40;
K14-110/45-18;18,0;15,0;B;4000;4500;11000;9768;3996;9440;32,67;0,00;0,00;29,40;
K14-110/45-20;20,0;16,5;B;4000;4500;11000;9768;3996;11000;34,07;0,00;0,00;30,66;
K14-110/45-22;22,0;18,5;B;4000;4500;11000;9768;3996;12660;34,07;0,00;0,00;30,66;
K14-110/45-24;24,0;20,5;B;4000;4500;11000;9768;3996;14420;34,07;0,00;0,00;30,66;
K14-110/45-26;26,0;22,5;B;4000;4500;11000;9768;3996;16270;40,46;0,00;0,00;36,41;
K14-110/45-28;28,0;24,5;B;4000;4500;11000;9768;3996;18160;40,46;0,00;0,00;36,41;
K14-110/45-30;30,0;26,5;B;4000;4500;11000;9768;3996;20100;56,00;0,00;0,00;50,40;
K14-110/45-32;32,0;28,5;B;4000;4500;11000;9768;3996;22150;56,00;0,00;0,00;50,40;
K14-110/45-34;34,0;31,0;B;4000;4500;11000;9768;3996;24300;56,00;0,00;0,00;50,40;
K16-125/50-14;14,0;11,0;B;4000;5100;12500;11170;4557;7600;36,75;0,00;0,00;33,08;
K16-125/50-16;16,0;13,0;B;4000;5100;12500;11170;4557;9020;36,75;0,00;0,00;33,08;
K16-125/50-18;18,0;15,0;B;4000;5100;12500;11170;4557;10570;36,75;0,00;0,00;33,08;
K16-125/50-20;20,0;16,5;B;4000;5100;12500;11170;4557;12230;40,46;0,00;0,00;36,41;
K16-125/50-22;22,0;18,5;B;4000;5100;12500;11170;4557;13990;40,46;0,00;0,00;36,41;
K16-125/50-24;24,0;20,5;B;4000;5100;12500;11170;4557;15860;40,46;0,00;0,00;36,41;
K16-125/50-26;26,0;22,5;B;4000;5100;12500;11170;4557;17740;47,92;0,00;0,00;43,12;
K16-125/50-28;28,0;24,5;B;4000;5100;12500;11170;4557;19710;47,92;0,00;0,00;43,12;
K16-125/50-30;30,0;26,5;B;4000;5100;12500;11170;4557;21780;56,00;0,00;0,00;50,40;
K16-125/50-32;32,0;28,5;B;4000;5100;12500;11170;4557;23960;56,00;0,00;0,00;50,40;
K18-145/57-14;14,0;10,5;B;4000;5700;14500;13005;5112;8570;33,64;0,00;0,00;30,27;
K18-145/57-16;16,0;12,5;B;4000;5700;14500;13005;5112;10120;33,64;0,00;0,00;30,27;
K18-145/57-18;18,0;14,5;B;4000;5700;14500;13005;5112;11800;33,64;0,00;0,00;30,27;
K18-145/57-20;20,0;16,5;B;4000;5700;14500;13005;5112;13560;47,92;0,00;0,00;43,12;
K18-145/57-22;22,0;18,5;B;4000;5700;14500;13005;5112;15440;47,92;0,00;0,00;43,12;
K18-145/57-24;24,0;20,5;B;4000;5700;14500;13005;5112;17330;47,92;0,00;0,00;43,12;
K18-145/57-26;26,0;22,5;B;4000;5700;14500;13005;5112;19320;56,00;0,00;0,00;50,40;
K18-145/57-28;28,0;24,5;B;4000;5700;14500;13005;5112;21400;56,00;0,00;0,00;50,40;
K18-145/57-30;30,0;26,5;B;4000;5700;14500;13005;5112;23570;67,76;0,00;0,00;60,98;
K18-145/57-32;32,0;28,5;B;4000;5700;14500;13005;5112;25850;67,76;0,00;0,00;60,98;
K20-165/63-14;14,0;10,5;B;4000;6300;16500;14845;5668;9660;40,46;0,00;0,00;36,41;
K20-165/63-16;16,0;12,5;B;4000;6300;16500;14845;5668;11320;40,46;0,00;0,00;36,41;
K20-165/63-18;18,0;14,5;B;4000;6300;16500;14845;5668;13110;40,46;0,00;0,00;36,41;
K20-165/63-20;20,0;16,5;B;4000;6300;16500;14845;5668;14990;56,00;0,00;0,00;50,40;
K20-165/63-22;22,0;18,5;B;4000;6300;16500;14845;5668;16900;56,00;0,00;0,00;50,40;
K20-165/63-24;24,0;20,5;B;4000;6300;16500;14845;5668;18900;56,00;0,00;0,00;50,40;
K20-165/63-26;26,0;22,5;B;4000;6300;16500;14845;5668;20990;67,76;0,00;0,00;60,98;
K20-165/63-28;28,0;24,5;B;4000;6300;16500;14845;5668;23180;67,76;0,00;0,00;60,98;
K20-165/63-30;30,0;26,5;B;4000;6300;16500;14845;5668;25450;77,32;0,00;0,00;69,58;
K20-165/63-32;32,0;28,5;B;4000;6300;16500;14845;5668;27840;77,32;0,00;0,00;69,58;
MM04-2250/740-14;14,0;11,5;B;4000;1000;2250;1775;789;3010;5,63;0,00;0,00;5,06;
MM04-2250/740-16;16,0;13,5;B;4000;1000;2250;1674;744;3760;5,63;0,00;0,00;5,06;
MM04-2250/740-18;18,0;15,5;B;4000;1000;2250;1565;695;4620;5,63;0,00;0,00;5,06;
MM04-2250/740-20;20,0;17,5;B;4000;1000;2250;1149;644;5560;9,03;0,00;0,00;8,12;
MM04-2250/740-22;22,0;19,5;B;4000;1000;2250;1327;590;6590;9,03;0,00;0,00;8,12;
MM04-2250/740-24;24,0;21,5;B;4000;1000;2250;1198;532;7700;9,03;0,00;0,00;8,12;
MM04-2250/740-26;26,0;23,5;B;4000;1000;2250;1062;472;8890;11,03;0,00;0,00;9,92;
MM04-2250/740-28;28,0;25,5;B;4000;1000;2250;919;408;10180;11,03;0,00;0,00;9,92;
MM06-2750/960-14;14,0;11,5;B;4000;1300;2750;2256;1066;3540;8,10;0,00;0,00;7,29;
MM06-2750/960-16;16,0;13,5;B;4000;1300;2750;2153;1018;4400;8,10;0,00;0,00;7,29;
MM06-2750/960-18;18,0;15,5;B;4000;1300;2750;2043;966;5350;8,10;0,00;0,00;7,29;
MM06-2750/960-20;20,0;17,5;B;4000;1300;2750;1928;911;6390;12,10;0,00;0,00;10,89;
MM06-2750/960-22;22,0;19,5;B;4000;1300;2750;1806;854;7510;12,10;0,00;0,00;10,89;
MM06-2750/960-24;24,0;21,5;B;4000;1300;2750;1678;793;8700;12,10;0,00;0,00;10,89;
MM06-2750/960-26;26,0;23,5;B;4000;1300;2750;1543;729;9990;14,40;0,00;0,00;12,96;
MM06-2750/960-28;28,0;25,5;B;4000;1300;2750;1402;663;11430;14,40;0,00;0,00;12,96;
MM08-3500/1260-14;14,0;11,5;B;4000;1600;3500;2922;1336;4170;13,23;0,00;0,00;11,90;
MM08-3500/1260-16;16,0;13,5;B;4000;1600;3500;2804;1282;5120;13,23;0,00;0,00;11,90;
MM08-3500/1260-18;18,0;15,5;B;4000;1600;3500;2680;1225;6170;13,23;0,00;0,00;11,90;
MM08-3500/1260-20;20,0;17,5;B;4000;1600;3500;2549;1165;7300;18,23;0,00;0,00;16,40;
MM08-3500/1260-22;22,0;19,5;B;4000;1600;3500;2411;1102;8500;18,23;0,00;0,00;16,40;
MM08-3500/1260-24;24,0;21,5;B;4000;1600;3500;2267;1036;9800;18,23;0,00;0,00;16,40;
MM08-3500/1260-26;26,0;23,5;B;4000;1600;3500;2116;968;11240;22,50;0,00;0,00;20,25;
MM08-3500/1260-28;28,0;25,5;B;4000;1600;3500;1959;896;12780;22,50;0,00;0,00;20,25;
MP00-400/220-14;14,0;12,1;B;2000;220;400;198;109;1700;1,40;0,00;0,00;1,30;
MP00-400/220-16;16,0;13,9;B;2000;220;400;147;81;2200;1,70;0,00;0,00;1,60;
MP00-400/220-18;18,0;15,7;B;2000;220;400;91;50;2760;2,10;0,00;0,00;1,90;
MP00-600/260-14;14,0;;B;2000;320;600;388;207;1730;;;;;
MP00-600/260-16;16,0;13,9;B;2000;320;600;334;178;2240;1,70;0,00;0,00;1,60;
MP00-600/260-18;18,0;15,7;B;2000;320;600;276;147;2800;;;;;
MP00-600/260-20;20,0;17,5;B;2000;320;600;212;113;3440;;;;;
MP00-600/260-22;22,0;19,5;B;2000;320;600;142;76;4160;2,70;0,00;0,00;2,40;
MP01-800/320-14;14,0;12,1;B;2000;420;800;558;293;1920;3,00;0,00;0,00;2,80;
MP01-800/320-16;16,0;13,9;B;2000;420;800;499;262;2460;2,20;0,00;0,00;2,10;
MP01-800/320-18;18,0;15,7;B;2000;420;800;435;228;3060;2,20;0,00;0,00;2,00;
MP01-800/320-20;20,0;17,5;B;2000;420;800;365;192;3740;2,60;0,00;0,00;2,40;
MP01-800/320-22;22,0;19,5;B;2000;420;800;290;152;4520;2,90;0,00;0,00;2,50;
MP02-1000/370-14;14,0;;B;2000;520;1000;729;379;2110;;;;;
MP02-1000/370-16;16,0;13,9;B;2000;520;1000;665;346;2680;2,90;0,00;0,00;2,70;
MP02-1000/370-18;18,0;15,7;B;2000;520;1000;596;310;3330;2,60;0,00;0,00;2,40;
MP02-1000/370-20;20,0;17,5;B;2000;520;1000;522;271;4060;2,80;0,00;0,00;2,50;
MP02-1000/370-22;22,0;19,5;B;2000;520;1000;441;230;4880;3,00;0,00;0,00;2,70;
MP02-1000/370-24;24,0;;B;2000;520;1000;356;185;5780;;;;;
MP02-1000/370-26;26,0;;B;2000;520;1000;265;138;6760;;;;;
MP02-1200/410-14;14,0;12,1;B;2000;560;1200;882;412;2130;3,80;0,00;0,00;3,70;
MP02-1200/410-16;16,0;13,9;B;2000;560;1200;808;377;2710;3,80;0,00;0,00;3,70;
MP02-1200/410-18;18,0;15,7;B;2000;560;1200;727;339;3360;3,10;0,00;0,00;2,90;
MP02-1200/410-20;20,0;17,5;B;2000;560;1200;639;298;4100;2,90;0,00;0,00;2,60;
MP02-1200/410-22;22,0;19,5;B;2000;560;1200;546;255;4930;;;;;
MP02-1200/410-24;24,0;21,5;B;2000;560;1200;445;208;5830;3,70;0,00;0,00;3,30;
MP02-1200/410-26;26,0;;B;2000;560;1200;339;158;6810;;;;;
MP02-1200/410-28;28,0;;B;2000;560;1200;226;105;7940;;;;;
MP03-1400/480-14;14,0;11,6;B;2000;650;1400;1050;488;2320;3,46;0,00;0,00;3,11;
MP03-1400/480-16;16,0;13,6;B;2000;650;1400;970;451;2940;3,46;0,00;0,00;3,11;
MP03-1400/480-18;18,0;15,6;B;2000;650;1400;884;410;3630;3,46;0,00;0,00;3,11;
MP03-1400/480-20;20,0;17,5;B;2000;650;1400;791;367;4430;4,23;0,00;0,00;3,80;
MP03-1400/480-22;22,0;19,5;B;2000;650;1400;692;321;5290;4,23;0,00;0,00;3,80;
MP03-1400/480-24;24,0;21,5;B;2000;650;1400;586;272;6240;4,23;0,00;0,00;3,80;
MP03-1400/480-26;26,0;23,5;B;2000;650;1400;474;220;7270;5,63;0,00;0,00;5,06;
MP03-1400/480-28;28,0;25,5;B;2000;650;1400;355;165;8500;5,63;0,00;0,00;5,06;
MP04-1600/540-14;14,0;11,5;B;2000;740;1600;1219;564;2530;3,60;0,00;0,00;3,24;
MP04-1600/540-16;16,0;13,5;B;2000;740;1600;1133;524;3180;3,60;0,00;0,00;3,24;
MP04-1600/540-18;18,0;15,5;B;2000;740;1600;1042;482;3930;3,60;0,00;0,00;3,24;
MP04-1600/540-20;20,0;17,5;B;2000;740;1600;943;436;4760;5,63;0,00;0,00;5,06;
MP04-1600/540-22;22,0;19,5;B;2000;740;1600;839;388;5670;5,63;0,00;0,00;5,06;
MP04-1600/540-24;24,0;21,5;B;2000;740;1600;727;336;6660;5,63;0,00;0,00;5,06;
MP04-1600/540-26;26,0;23,5;B;2000;740;1600;610;282;7790;6,40;0,00;0,00;5,76;
MP04-1600/540-28;28,0;25,5;B;2000;740;1600;486;225;9090;6,40;0,00;0,00;5,76;
CR1;21,5;18,5;M;3754;5853;5853;5853;5853;3470;34,68;10,40;1,60;0,00;
CR2;24,5;21,5;M;3754;5853;5853;5853;5853;4156;38,88;11,66;1,60;0,00;
CR3;27,8;24,8;M;3754;5853;5853;5853;5853;4685;43,32;13,00;1,60;0,00;
CR4;31,1;28,1;M;3754;5853;5853;5853;5853;5535;43,32;13,00;1,60;0,00;
CR5;34,4;31,4;M;3754;5853;5853;5853;5853;6260;48,00;14,40;1,60;0,00;
CR6;37,6;34,6;M;3754;5853;5853;5853;5853;7300;48,00;14,40;1,60;0,00;
CR7;40,9;37,9;M;3754;5853;5853;5853;5853;8320;52,92;15,88;1,60;0,00;
DR0;18,4;15,4;M;3237;16286;16286;16286;16286;4944;69,12;20,74;1,60;0,00;
DR1;21,4;18,4;M;3237;16286;16286;16286;16286;6165;69,12;20,74;1,60;0,00;
DR10;48,4;45,4;M;3237;16286;16286;16286;16286;16420;69,12;20,74;1,60;0,00;
DR11;51,4;48,4;M;3237;16286;16286;16286;16286;17480;69,12;20,74;1,60;0,00;
DR12;54,4;51,4;M;3237;16286;16286;16286;16286;18510;69,12;20,74;1,60;0,00;
DR2;24,4;21,4;M;3237;16286;16286;16286;16286;7471;69,12;20,74;1,60;0,00;
DR3;27,4;24,4;M;3237;16286;16286;16286;16286;8607;69,12;20,74;1,60;0,00;
DR4;30,4;27,4;M;3237;16286;16286;16286;16286;9719;69,12;20,74;1,60;0,00;
DR5;33,4;30,4;M;3237;16286;16286;16286;16286;10687;69,12;20,74;1,60;0,00;
DR6;36,4;33,4;M;3237;16286;16286;16286;16286;11891;69,12;20,74;1,60;0,00;
DR7;39,4;36,4;M;3237;16286;16286;16286;16286;12940;69,12;20,74;1,60;0,00;
DR8;42,4;39,4;M;3237;16286;16286;16286;16286;14250;69,12;20,74;1,60;0,00;
DR9;45,4;42,4;M;3237;16286;16286;16286;16286;15400;69,12;20,74;1,60;0,00;
DS1;22,2;19,8;M;3254;3142;3142;3142;3142;2381;14,11;5,18;1,25;0,00;
DS10;49,2;46,8;M;2565;2937;2937;2937;2937;7293;25,09;9,22;1,25;0,00;
DS11;52,2;49,8;M;2565;2937;2937;2937;2937;9200;25,09;9,22;1,25;0,00;
DS12;55,2;52,8;M;2565;2937;2937;2937;2937;11102;25,09;9,22;1,25;0,00;
DS13;58,2;55,8;M;2565;2937;2937;2937;2937;13012;25,09;9,22;1,25;0,00;
DS14;61,2;58,8;M;2565;2937;2937;2937;2937;14918;25,09;9,22;1,25;0,00;
DS2;25,2;22,8;M;3254;3142;3142;3142;3142;2671;14,11;5,18;1,25;0,00;
DS3;28,2;25,8;M;3254;3142;3142;3142;3142;3029;14,11;5,18;1,25;0,00;
DS4;31,2;28,8;M;3062;2990;2990;2990;2990;3560;14,11;5,18;1,25;0,00;
DS5;34,2;31,8;M;3062;2990;2990;2990;2990;4017;14,11;5,18;1,25;0,00;
DS6;37,2;34,8;M;2565;2937;2937;2937;2937;4585;25,09;9,22;1,25;0,00;
DS7;40,2;37,8;M;2565;2937;2937;2937;2937;5112;25,09;9,22;1,25;0,00;
DS8;43,2;40,8;M;2565;2937;2937;2937;2937;5723;25,09;9,22;1,25;0,00;
DS9;46,2;43,8;M;2565;2937;2937;2937;2937;6289;25,09;9,22;1,25;0,00;
F165CD/15;26,9;23,8;M;5047;417;15736;14486;1642;5979;61,95;10,58;3,97;0,00;
F165CD/18;29,9;26,8;M;5047;417;15736;14486;1642;6758;61,95;10,58;3,97;0,00;
F165CD/21;32,9;29,8;M;5047;417;15736;14486;1642;7593;61,95;10,58;3,97;0,00;
F165CD/24;35,9;32,8;M;5047;417;15736;14486;1642;8488;61,95;10,58;3,97;0,00;
F165CD/27;38,9;35,8;M;5047;417;15736;14486;1642;9451;61,95;10,58;3,97;0,00;
F165CD/30;41,9;38,8;M;5047;417;15736;14486;1642;10489;61,95;10,58;3,97;0,00;
F165CD/33;44,9;41,8;M;5047;417;15736;14486;1642;11495;61,95;10,58;3,97;0,00;
F20CA/15;23,3;20,6;M;2750;200;1725;200;1725;1685;11,42;2,34;4,62;0,00;
F20CA/18;26,3;23,6;M;2750;200;1725;200;1725;1901;12,10;2,47;4,90;0,00;
F20CA/21;29,3;26,6;M;2750;200;1725;200;1725;2189;13,10;2,66;5,22;0,00;
F20CA/24;32,3;29,6;M;2750;200;1725;200;1725;2409;13,83;2,80;5,51;0,00;
F20CA/27;35,3;32,6;M;2750;200;1725;200;1725;2789;14,56;2,94;5,80;0,00;
F20CA/30;38,3;35,6;M;2750;200;1725;200;1725;3072;14,56;2,94;5,80;0,00;
F20CA/33;41,3;38,6;M;2750;200;1735;200;1725;3434;15,29;3,08;6,09;0,00;
F20CD/15;25,4;22,5;M;2744;273;1546;273;1546;2279;13,26;2,52;5,37;0,00;
F20CD/18;28,4;25,5;M;2744;273;1546;273;1546;2586;14,04;2,66;5,69;0,00;
F20CD/21;31,4;28,5;M;2744;273;1546;273;1546;2896;15,12;2,85;6,05;0,00;
F20CD/24;34,4;31,5;M;2744;273;1546;273;1546;3221;15,96;3,00;6,38;0,00;
F20CD/27;37,4;34,5;M;2744;273;1546;273;1546;3557;16,80;3,15;6,72;0,00;
F20CD/30;40,4;37,5;M;2744;273;1546;273;1546;3907;18,48;3,45;7,39;0,00;
F20CD/33;43,4;40,5;M;2744;273;1546;273;1546;4254;18,48;3,45;7,39;0,00;
F20MD/15;22,6;19,7;M;2744;273;1546;273;1546;2279;13,26;2,52;5,37;0,00;
F20MD/18;25,6;22,7;M;2744;273;1546;273;1546;2586;14,04;2,66;5,69;0,00;
F20MD/21;28,6;25,7;M;2744;273;1546;273;1546;2896;15,12;2,85;6,05;0,00;
F20MD/24;31,6;28,7;M;2744;273;1546;273;1546;3221;15,96;3,00;6,38;0,00;
F20MD/27;34,6;31,7;M;2744;273;1546;273;1546;3557;16,80;3,15;6,72;0,00;
F20MD/30;37,6;34,7;M;2744;273;1546;273;1546;3907;18,48;3,45;7,39;0,00;
F20MD/33;40,6;37,7;M;2744;273;1546;273;1546;4254;18,48;3,45;7,39;0,00;
F30CD/15;25,7;22,5;M;5096;417;2453;417;2453;2634;20,33;4,14;7,52;0,00;
F30CD/18;28,7;25,5;M;5096;417;2453;417;2453;2977;20,33;4,14;7,52;0,00;
F30CD/21;31,7;28,5;M;5096;417;2453;417;2453;3340;22,77;4,61;8,37;0,00;
F30CD/24;34,7;31,5;M;5096;417;2453;417;2453;3705;22,77;4,61;8,37;0,00;
F30CD/27;37,7;34,5;M;5096;417;2453;417;2453;4177;23,76;4,80;8,74;0,00;
F30CD/30;40,7;37,5;M;5096;417;2453;417;2453;4605;24,75;4,99;9,10;0,00;
F30CD/33;43,7;40,5;M;5096;417;2453;417;2453;5034;26,40;5,30;9,65;0,00;
F45CA/15;23,2;20,7;M;2000;200;4325;200;4325;2297;21,87;3,36;2,41;0,00;
F45CA/18;26,2;23,7;M;2000;200;4325;200;4325;2598;21,87;3,36;2,41;0,00;
F45CA/21;29,2;26,7;M;2000;200;4325;200;4325;3116;21,87;3,36;2,41;0,00;
F45CA/24;32,1;29,6;M;2000;200;4325;200;4325;3478;21,87;3,36;2,41;0,00;
F45CA/27;35,1;32,6;M;2000;200;4325;200;4325;4048;21,87;3,36;2,41;0,00;
F45CA/30;38,1;35,6;M;2000;200;4325;200;4325;4504;21,87;3,36;2,41;0,00;
F45CA/33;41,1;38,6;M;2000;200;4325;200;4325;5226;21,87;3,36;2,41;0,00;
F45CM/15;20,4;17,9;M;2000;200;4325;200;4325;2297;21,87;3,36;2,41;0,00;
F45CM/18;23,4;20,9;M;2000;200;4325;200;4325;2598;21,87;3,36;2,41;0,00;
F45CM/21;26,4;23,9;M;2000;200;4325;200;4325;3116;21,87;3,36;2,41;0,00;
F45CM/24;29,3;26,8;M;2000;200;4325;200;4325;3478;21,87;3,36;2,41;0,00;
F45CM/27;32,3;29,8;M;2000;200;4325;200;4325;4048;21,87;3,36;2,41;0,00;
F45CM/30;35,3;32,8;M;2000;200;4325;200;4325;4504;21,87;3,36;2,41;0,00;
F45CM/33;38,3;35,8;M;2000;200;4325;200;4325;5226;21,87;3,36;2,41;0,00;
F45MD/15;22,2;19,7;M;2000;200;4325;200;4325;2297;21,87;3,36;2,41;0,00;
F45MD/18;25,2;22,7;M;2000;200;4325;200;4325;2598;21,87;3,36;2,41;0,00;
F45MD/21;28,2;25,7;M;2000;200;4325;200;4325;3116;21,87;3,36;2,41;0,00;
F45MD/24;31,1;28,6;M;2000;200;4325;200;4325;3478;21,87;3,36;2,41;0,00;
F45MD/27;34,1;31,6;M;2000;200;4325;200;4325;4048;21,87;3,36;2,41;0,00;
F45MD/30;37,1;34,6;M;2000;200;4325;200;4325;4504;21,87;3,36;2,41;0,00;
F45MD/33;40,1;37,6;M;2000;200;4325;200;4325;5226;21,87;3,36;2,41;0,00;
F65CA/15;23,6;20,7;M;2750;275;6375;275;6375;3072;36,75;5,48;3,33;0,00;
F65CA/18;26,6;23,7;M;2750;275;6375;275;6375;3499;36,75;5,48;3,33;0,00;
F65CA/21;29,6;26,7;M;2750;275;6375;275;6375;4069;36,75;5,48;3,33;0,00;
F65CA/24;32,6;29,7;M;2750;275;6375;275;6375;4532;36,75;5,48;3,33;0,00;
F65CA/27;35,6;32,7;M;2750;275;6375;275;6375;5153;36,75;5,48;3,33;0,00;
F65CA/30;38,6;35,7;M;2750;275;6375;275;6375;5648;36,75;5,48;3,33;0,00;
F65CA/33;41,6;38,7;M;2750;275;6375;275;6375;6518;36,75;5,48;3,33;0,00;
F65CD/15;25,7;22,8;M;2695;273;6055;273;6055;3529;38,88;5,78;3,48;0,00;
F65CD/18;28,7;25,8;M;2695;273;6055;273;6055;4153;38,88;5,78;3,48;0,00;
F65CD/21;31,7;28,8;M;2695;273;6055;273;6055;4732;38,88;5,78;3,48;0,00;
F65CD/24;34,7;31,8;M;2695;273;6055;273;6055;5377;38,88;5,78;3,48;0,00;
F65CD/27;37,7;34,8;M;2695;273;6055;273;6055;6006;38,88;5,78;3,48;0,00;
F65CD/30;40,7;37,8;M;2695;273;6055;273;6055;6740;38,88;5,78;3,48;0,00;
F65CD/33;43,7;40,8;M;2695;273;6055;273;6055;7484;38,88;5,78;3,48;0,00;
F65MD/15;22,6;19,7;M;2695;273;6055;273;6055;3529;38,88;5,78;3,48;0,00;
F65MD/18;25,6;22,7;M;2695;273;6055;273;6055;4153;38,88;5,78;3,48;0,00;
F65MD/21;28,6;25,7;M;2695;273;6055;273;6055;4732;38,88;5,78;3,48;0,00;
F65MD/24;31,6;28,7;M;2695;273;6055;273;6055;5377;38,88;5,78;3,48;0,00;
F65MD/27;34,6;31,7;M;2695;273;6055;273;6055;6006;38,88;5,78;3,48;0,00;
F65MD/30;37,6;34,7;M;2695;273;6055;273;6055;6740;38,88;5,78;3,48;0,00;
F65MD/33;40,6;37,7;M;2695;273;6055;273;6055;7484;38,88;5,78;3,48;0,00;
F95CA/15;24,0;21,1;M;2695;270;9021;8456;907;4318;34,68;5,18;3,03;0,00;
F95CA/18;27,0;24,1;M;2695;270;9021;8456;907;5061;34,68;5,18;3,03;0,00;
F95CA/21;30,0;27,1;M;2695;270;9021;8456;907;5807;34,68;5,18;3,03;0,00;
F95CA/24;33,0;30,1;M;2695;270;9021;8456;907;6573;38,88;5,78;3,33;0,00;
F95CA/27;36,0;33,1;M;2695;270;9021;8456;907;7413;38,88;5,78;3,33;0,00;
F95CA/30;39,0;36,1;M;2695;270;9021;8456;907;8210;38,88;5,78;3,33;0,00;
F95CA/33;42,0;39,1;M;2695;270;9021;8456;907;9150;38,88;5,78;3,33;0,00;
F95CD/15;26,7;23,8;M;3355;273;9072;8162;1204;4940;34,68;5,18;3,03;0,00;
F95CD/18;29,7;26,8;M;3355;273;9072;8162;1204;5683;34,68;5,18;3,03;0,00;
F95CD/21;32,7;29,8;M;3355;273;9072;8162;1204;6429;34,68;5,18;3,03;0,00;
F95CD/24;35,7;32,8;M;3355;273;9072;8162;1204;7195;38,88;5,78;3,33;0,00;
F95CD/27;38,7;35,8;M;3355;273;9072;8162;1204;8035;38,88;5,78;3,33;0,00;
F95CD/30;41,7;38,8;M;3355;273;9072;8162;1204;8832;38,88;5,78;3,33;0,00;
F95CD/33;44,7;41,8;M;3355;273;9072;8162;1204;9772;38,88;5,78;3,33;0,00;
F95MD/15;22,7;19,8;M;3355;273;9072;8162;1204;4940;34,68;5,18;3,03;0,00;
F95MD/18;25,7;22,8;M;3355;273;9072;8162;1204;5683;34,68;5,18;3,03;0,00;
F95MD/21;28,7;25,8;M;3355;273;9072;8162;1204;6429;34,68;5,18;3,03;0,00;
F95MD/24;31,7;28,8;M;3355;273;9072;8162;1204;7195;38,88;5,78;3,33;0,00;
F95MD/27;34,7;31,8;M;3355;273;9072;8162;1204;8035;38,88;5,78;3,33;0,00;
F95MD/30;37,7;34,8;M;3355;273;9072;8162;1204;8832;38,88;5,78;3,33;0,00;
F95MD/33;40,7;37,8;M;3355;273;9072;8162;1204;9772;38,88;5,78;3,33;0,00;
GR1;21,4;18,4;M;3237;16286;16286;16286;16286;5820;69,12;20,74;1,60;0,00;
GR10;48,4;45,4;M;3237;16286;16286;16286;16286;15320;69,12;20,74;1,60;0,00;
GR11;51,4;48,4;M;3237;16286;16286;16286;16286;16380;69,12;20,74;1,60;0,00;
GR12;54,4;51,4;M;3237;16286;16286;16286;16286;17420;69,12;20,74;1,60;0,00;
GR2;24,4;21,4;M;3237;16286;16286;16286;16286;7126;69,12;20,74;1,60;0,00;
GR3;27,4;24,4;M;3237;16286;16286;16286;16286;8261;69,12;20,74;1,60;0,00;
GR4;30,4;27,4;M;3237;16286;16286;16286;16286;9374;69,12;20,74;1,60;0,00;
GR5;33,4;30,4;M;3237;16286;16286;16286;16286;10342;69,12;20,74;1,60;0,00;
GR6;36,4;33,4;M;3237;16286;16286;16286;16286;11546;69,12;20,74;1,60;0,00;
GR7;39,4;36,4;M;3237;16286;16286;16286;16286;12595;69,12;20,74;1,60;0,00;
GR8;42,4;39,4;M;3237;16286;16286;16286;16286;13905;69,12;20,74;1,60;0,00;
GR9;45,4;42,4;M;3237;16286;16286;16286;16286;14250;69,12;20,74;1,60;0,00;
GS1;22,2;19,8;M;3254;3142;3142;3142;3142;2099;14,11;5,18;1,25;0,00;
GS10;49,2;46,8;M;2565;2937;2937;2937;2937;7011;25,09;9,22;1,25;0,00;
GS11;52,2;49,8;M;2565;2937;2937;2937;2937;8918;25,09;9,22;1,25;0,00;
GS12;55,2;52,8;M;2565;2937;2937;2937;2937;10820;25,09;9,22;1,25;0,00;
GS13;58,2;55,8;M;2565;2937;2937;2937;2937;12730;25,09;9,22;1,25;0,00;
GS14;61,2;58,8;M;2565;2937;2937;2937;2937;14636;25,09;9,22;1,25;0,00;
GS2;25,2;22,8;M;3254;3142;3142;3142;3142;2389;14,11;5,18;1,25;0,00;
GS3;28,2;25,8;M;3254;3142;3142;3142;3142;2747;14,11;5,18;1,25;0,00;
GS4;31,2;28,8;M;3062;2990;2990;2990;2990;3278;14,11;5,18;1,25;0,00;
GS5;34,2;31,8;M;3062;2990;2990;2990;2990;3735;14,11;5,18;1,25;0,00;
GS6;37,2;34,8;M;2565;2937;2937;2937;2937;4303;25,09;9,22;1,25;0,00;
GS7;40,2;37,8;M;2565;2937;2937;2937;2937;4830;25,09;9,22;1,25;0,00;
GS8;43,2;40,8;M;2565;2937;2937;2937;2937;5441;25,09;9,22;1,25;0,00;
GS9;46,2;43,8;M;2565;2937;2937;2937;2937;6007;25,09;9,22;1,25;0,00;
P1000/12;14,7;12,8;M;400;1000;1000;1000;1000;640;5,18;0,00;0,78;5,18;
P1000/14;16,7;14,8;M;400;1000;1000;1000;1000;793;5,18;0,00;0,78;5,18;
P1000/16;18,7;16,8;M;400;1000;1000;1000;1000;904;5,18;0,00;0,78;5,18;
P1000/18;20,7;18,8;M;400;1000;1000;1000;1000;1016;5,18;0,00;0,78;5,18;
P1000/20;23,0;21,0;M;400;1000;1000;1000;1000;1201;7,42;0,00;1,06;7,42;
P1000/22;25,2;23,2;M;400;1000;1000;1000;1000;1338;7,42;0,00;1,06;7,42;
P1000/24;26,8;24,8;M;400;1000;1000;1000;1000;1450;7,42;0,00;1,06;7,42;
P1000/26;28,8;26,7;M;400;1000;1000;1000;1000;1652;10,26;0,00;1,40;10,26;
P1000/28;30,8;28,7;M;400;1000;1000;1000;1000;1804;10,26;0,00;1,40;10,26;
P1000/30;32,9;30,8;M;400;1000;1000;1000;1000;2001;10,26;0,00;1,40;10,26;
P1000/33;35,8;33,7;M;400;1000;1000;1000;1000;2305;13,56;0,00;1,82;13,56;
P1000/36;38,9;36,8;M;400;1000;1000;1000;1000;2557;13,56;0,00;1,82;13,56;
P1000/42;45,5;42,8;M;400;1000;1000;1000;1000;3215;16,67;3,57;1,60;0,00;
P12000/12;16,3;12,8;M;2000;12000;12000;12000;12000;2618;25,59;0,00;2,14;25,59;
P12000/14;19,1;15,6;M;2000;12000;12000;12000;12000;3341;25,59;0,00;2,14;25,59;
P12000/16;20,6;17,1;M;2000;12000;12000;12000;12000;3728;25,59;0,00;2,14;25,59;
P12000/18;22,3;18,8;M;2000;12000;12000;12000;12000;4379;25,59;0,00;2,14;25,59;
P12000/20;25,2;21,6;M;2000;12000;12000;12000;12000;4916;36,61;0,00;2,98;36,61;
P12000/22;26,7;23,1;M;2000;12000;12000;12000;12000;5298;36,61;0,00;2,98;36,61;
P12000/24;28,4;24,8;M;2000;12000;12000;12000;12000;5850;36,61;0,00;2,98;36,61;
P12000/26;30,6;26,7;M;2000;12000;12000;12000;12000;6850;73,27;10,83;2,30;0,00;
P12000/28;32,6;28,7;M;2000;12000;12000;12000;12000;7335;73,27;10,83;2,30;0,00;
P12000/30;34,7;30,8;M;2000;12000;12000;12000;12000;7820;73,27;10,83;2,30;0,00;
P12000/33;38,6;34,7;M;2000;12000;12000;12000;12000;9073;80,28;11,84;2,30;0,00;
P12000/36;40,7;36,8;M;2000;12000;12000;12000;12000;9860;80,28;11,84;2,30;0,00;
P12000/42;46,7;42,8;M;2000;12000;12000;12000;12000;12033;99,20;14,59;2,30;0,00;
P1500/12;14,9;12,8;M;400;1500;1500;1500;1500;697;6,89;0,00;0,96;6,89;
P1500/14;17,3;15,2;M;400;1500;1500;1500;1500;896;6,89;0,00;0,96;6,89;
P1500/16;19,1;17,0;M;400;1500;1500;1500;1500;1025;6,89;0,00;0,96;6,89;
P1500/18;20,9;18,8;M;400;1500;1500;1500;1500;1183;6,89;0,00;0,96;6,89;
P1500/20;23,0;20,8;M;400;1500;1500;1500;1500;1420;9,37;0,00;1,21;9,37;
P1500/22;25,0;22,8;M;400;1500;1500;1500;1500;1581;9,37;0,00;1,21;9,37;
P1500/24;27,0;24,8;M;400;1500;1500;1500;1500;1741;9,37;0,00;1,21;9,37;
P1500/26;29,9;27,1;M;400;1500;1500;1500;1500;2090;17,27;3,57;1,66;0,00;
P1500/28;32,3;29,5;M;400;1500;1500;1500;1500;2261;17,27;3,57;1,66;0,00;
P1500/30;33,6;30,8;M;400;1500;1500;1500;1500;2472;17,27;3,57;1,66;0,00;
P1500/33;36,5;33,7;M;400;1500;1500;1500;1500;2883;22,41;4,64;1,66;0,00;
P1500/36;39,6;36,8;M;400;1500;1500;1500;1500;3173;22,41;4,64;1,66;0,00;
P1500/42;45,6;42,8;M;400;1500;1500;1500;1500;4023;27,87;5,77;1,66;0,00;
P1500/48;51,6;48,8;M;400;1500;1500;1500;1500;4886;33,52;6,94;1,66;0,00;
P15000/12;16,4;12,8;M;2000;15000;15000;15000;15000;3186;32,64;0,00;2,70;32,64;
P15000/14;19,2;15,6;M;2000;15000;15000;15000;15000;4119;32,64;0,00;2,70;32,64;
P15000/16;20,7;17,1;M;2000;15000;15000;15000;15000;4600;32,64;0,00;2,70;32,64;
P15000/18;22,4;18,8;M;2000;15000;15000;15000;15000;5082;32,64;0,00;2,70;32,64;
P15000/20;24,9;20,7;M;2000;15000;15000;15000;15000;6082;70,88;9,76;2,50;0,00;
P15000/22;26,8;22,6;M;2000;15000;15000;15000;15000;6559;70,88;9,76;2,50;0,00;
P15000/24;29,0;24,8;M;2000;15000;15000;15000;15000;7035;70,88;9,76;2,50;0,00;
P15000/26;30,6;26,7;M;2000;15000;15000;15000;15000;7971;92,93;13,68;2,30;0,00;
P15000/28;32,5;28,6;M;2000;15000;15000;15000;15000;8464;92,93;13,68;2,30;0,00;
P15000/30;34,7;30,8;M;2000;15000;15000;15000;15000;8956;92,93;13,68;2,30;0,00;
P15000/36;40,7;36,8;M;2000;15000;15000;15000;15000;11259;100,00;14,70;2,30;0,00;
P15000/42;46,7;42,8;M;2000;15000;15000;15000;15000;13647;106,50;15,65;2,30;0,00;
P2000/12;15,1;12,8;M;2000;2000;2000;2000;2000;941;7,48;0,00;0,95;7,48;
P2000/14;17,5;15,2;M;2000;2000;2000;2000;2000;1161;7,48;0,00;0,95;7,48;
P2000/16;19,3;17,0;M;2000;2000;2000;2000;2000;1310;7,48;0,00;0,95;7,48;
P2000/18;21,1;18,8;M;2000;2000;2000;2000;2000;1459;7,48;0,00;0,95;7,48;
P2000/20;23,2;20,7;M;2000;2000;2000;2000;2000;1754;10,10;0,00;1,19;10,10;
P2000/22;25,2;22,7;M;2000;2000;2000;2000;2000;1929;10,10;0,00;1,19;10,10;
P2000/24;27,3;24,8;M;2000;2000;2000;2000;2000;2141;10,10;0,00;1,19;10,10;
P2000/26;29,7;27,1;M;2000;2000;2000;2000;2000;2456;13,07;0,00;1,45;13,07;
P2000/28;32,1;29,5;M;2000;2000;2000;2000;2000;2653;13,07;0,00;1,45;13,07;
P2000/30;33,4;30,8;M;2000;2000;2000;2000;2000;2888;13,07;0,00;1,45;13,07;
P2000/33;37,0;34,3;M;2000;2000;2000;2000;2000;3343;16,44;0,00;1,74;16,44;
P2000/36;39,5;36,8;M;2000;2000;2000;2000;2000;3681;16,44;0,00;1,74;16,44;
P2000/42;46,0;42,8;M;2000;2000;2000;2000;2000;4698;29,70;5,40;1,92;0,00;
P2000/48;52,0;48,8;M;2000;2000;2000;2000;2000;5642;35,50;6,46;1,92;0,00;
P3000/12;15,3;12,8;M;2000;3000;3000;3000;3000;1224;9,36;0,00;1,07;9,36;
P3000/14;17,4;14,9;M;2000;3000;3000;3000;3000;1453;9,36;0,00;1,07;9,36;
P3000/16;19,8;17,3;M;2000;3000;3000;3000;3000;1650;9,36;0,00;1,07;9,36;
P3000/18;21,3;18,8;M;2000;3000;3000;3000;3000;1852;9,36;0,00;1,07;9,36;
P3000/20;23,3;20,6;M;2000;3000;3000;3000;3000;2128;12,70;0,00;1,36;12,70;
P3000/22;25,4;22,7;M;2000;3000;3000;3000;3000;2324;12,70;0,00;1,36;12,70;
P3000/24;27,5;24,8;M;2000;3000;3000;3000;3000;2605;12,70;0,00;1,36;12,70;
P3000/26;30,5;27,7;M;2000;3000;3000;3000;3000;3040;16,51;0,00;1,69;16,51;
P3000/28;32,0;29,2;M;2000;3000;3000;3000;3000;3208;16,51;0,00;1,69;16,51;
P3000/30;33,6;30,8;M;2000;3000;3000;3000;3000;3389;16,51;0,00;1,69;16,51;
P3000/33;37,7;34,3;M;2000;3000;3000;3000;3000;4063;31,08;5,33;2,05;0,00;
P3000/36;40,2;36,8;M;2000;3000;3000;3000;3000;4482;31,08;5,33;2,05;0,00;
P3000/42;46,2;42,8;M;2000;3000;3000;3000;3000;5489;37,20;6,38;2,05;0,00;
P3000/48;52,2;48,8;M;2000;3000;3000;3000;3000;6516;43,37;7,43;2,05;0,00;
P4000/12;15,5;12,8;M;2000;4000;4000;4000;4000;1391;11,06;0,00;1,18;11,06;
P4000/14;17,9;15,2;M;2000;4000;4000;4000;4000;1729;11,06;0,00;1,18;11,06;
P4000/16;19,6;16,9;M;2000;4000;4000;4000;4000;1933;11,06;0,00;1,18;11,06;
P4000/18;21,5;18,8;M;2000;4000;4000;4000;4000;2205;11,06;0,00;1,18;11,06;
P4000/20;24,5;21,6;M;2000;4000;4000;4000;4000;2571;15,36;0,00;1,55;15,36;
P4000/22;26,0;23,1;M;2000;4000;4000;4000;4000;2804;15,36;0,00;1,55;15,36;
P4000/24;27,7;24,8;M;2000;4000;4000;4000;4000;3036;15,36;0,00;1,55;15,36;
P4000/26;30,1;27,1;M;2000;4000;4000;4000;4000;3436;20,34;0,00;1,98;20,34;
P4000/28;32,5;29,5;M;2000;4000;4000;4000;4000;3688;20,34;0,00;1,98;20,34;
P4000/30;33,8;30,8;M;2000;4000;4000;4000;4000;4023;20,34;0,00;1,98;20,34;
P4000/33;37,1;33,7;M;2000;4000;4000;4000;4000;4763;39,04;6,43;1,98;0,00;
P4000/36;40,2;36,8;M;2000;4000;4000;4000;4000;5158;39,04;6,43;1,98;0,00;
P4000/42;46,2;42,8;M;2000;4000;4000;4000;4000;6455;44,86;7,37;1,98;0,00;
P4000/48;52,2;48,8;M;2000;4000;4000;4000;4000;7861;50,01;8,19;1,98;0,00;
P500/12;14,7;12,8;M;400;500;500;500;500;473;2,93;0,00;0,44;2,93;
P500/14;16,7;14,8;M;400;500;500;500;500;582;2,93;0,00;0,44;2,93;
P500/16;18,7;16,8;M;400;500;500;500;500;664;2,93;0,00;0,44;2,93;
P500/18;20,7;18,8;M;400;500;500;500;500;770;2,93;0,00;0,44;2,93;
P500/20;22,7;20,8;M;400;500;500;500;500;922;3,90;0,00;0,58;3,90;
P500/22;24,7;22,8;M;400;500;500;500;500;1021;3,90;0,00;0,58;3,90;
P500/24;26,7;24,8;M;400;500;500;500;500;1125;3,90;0,00;0,58;3,90;
P500/26;29,3;27,2;M;400;500;500;500;500;1310;5,35;0,00;0,74;5,35;
P500/28;31,1;29,0;M;400;500;500;500;500;1421;5,35;0,00;0,74;5,35;
P500/30;32,9;30,8;M;400;500;500;500;500;1560;5,35;0,00;0,74;5,35;
P500/33;36,1;33,9;M;400;500;500;500;500;1815;7,09;0,00;0,93;7,09;
P500/36;39,0;36,8;M;400;500;500;500;500;2008;7,09;0,00;0,93;7,09;
P500/42;45,1;42,8;M;400;500;500;500;500;2494;9,07;0,00;1,13;9,07;
P6000/12;15,7;12,8;M;2000;6000;6000;6000;6000;1838;15,61;0,00;1,55;15,61;
P6000/14;18,5;15,6;M;2000;6000;6000;6000;6000;2218;15,61;0,00;1,55;15,61;
P6000/16;20,0;17,1;M;2000;6000;6000;6000;6000;2465;15,61;0,00;1,55;15,61;
P6000/18;21,7;18,8;M;2000;6000;6000;6000;6000;2712;15,61;0,00;1,55;15,61;
P6000/20;24,0;21,0;M;2000;6000;6000;6000;6000;3132;22,38;0,00;2,14;22,38;
P6000/22;26,5;23,5;M;2000;6000;6000;6000;6000;3400;22,38;0,00;2,14;22,38;
P6000/24;27,8;24,8;M;2000;6000;6000;6000;6000;3726;22,38;0,00;2,14;22,38;
P6000/26;31,1;27,7;M;2000;6000;6000;6000;6000;4422;45,36;7,45;1,98;0,00;
P6000/28;32,6;29,2;M;2000;6000;6000;6000;6000;4716;45,36;7,45;1,98;0,00;
P6000/30;34,2;30,8;M;2000;6000;6000;6000;6000;5151;45,36;7,45;1,98;0,00;
P6000/33;38,1;34,7;M;2000;6000;6000;6000;6000;5867;51,07;8,36;1,98;0,00;
P6000/36;40,2;36,8;M;2000;6000;6000;6000;6000;6531;51,07;8,36;1,98;0,00;
P6000/42;46,2;42,8;M;2000;6000;6000;6000;6000;7951;56,56;9,24;1,98;0,00;
P6000/48;52,2;48,8;M;2000;6000;6000;6000;6000;9709;61,74;10,07;1,98;0,00;
P9000/12;16,2;12,8;M;2000;9000;9000;9000;9000;2193;18,95;0,00;1,64;18,95;
P9000/14;17,8;14,4;M;2000;9000;9000;9000;9000;2781;18,95;0,00;1,64;18,95;
P9000/16;20,0;16,6;M;2000;9000;9000;9000;9000;3086;18,95;0,00;1,64;18,95;
P9000/18;22,2;18,8;M;2000;9000;9000;9000;9000;3530;18,95;0,00;1,64;18,95;
P9000/20;25,1;21,6;M;2000;9000;9000;9000;9000;4224;26,83;0,00;2,24;26,83;
P9000/22;26,7;23,2;M;2000;9000;9000;9000;9000;4592;26,83;0,00;2,24;26,83;
P9000/24;28,3;24,8;M;2000;9000;9000;9000;9000;4959;26,83;0,00;2,24;26,83;
P9000/26;31,3;27,7;M;2000;9000;9000;9000;9000;5679;35,59;0,00;2,90;35,59;
P9000/28;32,8;29,2;M;2000;9000;9000;9000;9000;6059;35,59;0,00;2,90;35,59;
P9000/30;34,4;30,8;M;2000;9000;9000;9000;9000;6610;35,59;0,00;2,90;35,59;
P9000/33;38,6;34,7;M;2000;9000;9000;9000;9000;7632;68,56;10,14;2,30;0,00;
P9000/36;40,7;36,8;M;2000;9000;9000;9000;9000;8350;68,56;10,14;2,30;0,00;
P9000/42;46,7;42,8;M;2000;9000;9000;9000;9000;10316;75,34;11,13;2,30;0,00;
PORTICO;9,6;9,6;M;2000;420;2100;420;2100;0;0,00;0,00;0,00;0,00;
RD1;22,8;19,8;M;4282;5660;5660;5660;5660;3788;34,68;10,40;1,60;0,00;
RD2;25,8;22,8;M;4282;5660;5660;5660;5660;4422;38,88;11,66;1,60;0,00;
RD3;29,1;26,1;M;4282;5660;5660;5660;5660;5118;43,32;13,00;1,60;0,00;
RD4;32,4;29,4;M;4282;5660;5660;5660;5660;5889;43,32;13,00;1,60;0,00;
RD5;35,7;32,7;M;4282;5660;5660;5660;5660;6777;48,00;14,40;1,60;0,00;
RD6;38,9;35,9;M;4282;5660;5660;5660;5660;7634;48,00;14,40;1,60;0,00;
RD7;42,2;39,2;M;4282;5660;5660;5660;5660;8787;52,92;15,88;1,60;0,00;
SD1;22,4;19,8;M;1230;340;1701;340;1701;1351;11,44;1,32;5,62;0,00;
SD2;25,8;23,0;M;1230;340;1701;340;1701;1813;12,32;1,32;6,05;0,00;
SD3;29,2;26,2;M;1230;340;1701;340;1701;2250;13,20;1,32;6,48;0,00;
SD4;32,2;29,2;M;1230;340;1701;340;1701;2580;13,20;1,32;6,48;0,00;
SD5;35,2;32,2;M;1230;340;1701;340;1701;2900;13,20;1,32;6,48;0,00;
SD6;38,2;35,2;M;1230;340;1701;340;1701;3190;13,20;1,32;6,48;0,00;
WA1;39,7;36,6;M;7634;735;20773;735;20773;9849;35,84;3,47;3,52;0,00;
WA2;45,7;42,6;M;7634;735;20773;735;20773;11879;35,84;3,47;3,52;0,00;
WA3;51,7;48,6;M;7634;735;20773;735;20773;14102;35,84;3,47;3,52;0,00;
WA4;57,7;54,6;M;7634;735;20773;735;20773;16936;49,60;4,80;4,59;0,00;
WA5;63,7;60,6;M;7634;735;20773;735;20773;19298;49,60;4,80;4,59;0,00;
WA6;69,7;66,6;M;7634;735;20773;735;20773;21660;49,60;4,80;4,59;0,00;
WR1;39,4;36,6;M;7634;793;13302;793;13302;8355;21,95;1,96;2,54;0,00;
WR2;45,4;42,6;M;7634;793;13302;793;13302;10350;21,95;1,96;2,54;0,00;
WR3;51,4;48,6;M;7634;793;13302;793;13302;12450;25,20;2,25;2,90;0,00;
WR4;57,4;54,6;M;7634;793;13302;793;13302;14968;25,20;2,25;2,90;0,00;
